module_key,module_name,module_count,avg_module_count,mean_time,mean_msg,sev0,sev1,sev2,sev3,sev4,sev5,sev6,sev7,Inter1,Inter2,Inter3,Inter4,Inter5,Inter6
0,nis,0,0,0,0,0,0,0,0,0,0,0,0,0,0,0,0,0,0
1,setup,0,0,0,0,0,0,0,0,0,0,0,0,0,0,0,0,0,0
2,volmigrate,0,0,0,0,0,0,0,0,0,0,0,0,0,0,0,0,0,0
3,scsiblade,0,0,0,0,0,0,0,0,0,0,0,0,0,0,0,0,0,0
4,sfu,0,0,0,0,0,0,0,0,0,0,0,0,0,0,0,0,0,0
5,vdom,0,0,0,0,0,0,0,0,0,0,0,0,0,0,0,0,0,0
6,dump,11,0.6666666666666666,3512.8,12.399999999999997,0,0,0,0,0,11,0,0,0,2,0,0,9,0
7,gb,0,0,0,0,0,0,0,0,0,0,0,0,0,0,0,0,0,0
8,exports,0,0,0,0,0,0,0,0,0,0,0,0,0,0,0,0,0,0
9,rlm,0,0,0,0,0,0,0,0,0,0,0,0,0,0,0,0,0,0
10,scsiAdapter,0,0,0,0,0,0,0,0,0,0,0,0,0,0,0,0,0,0
11,pcie,0,0,0,0,0,0,0,0,0,0,0,0,0,0,0,0,0,0
12,snapmirror,0,0,0,0,0,0,0,0,0,0,0,0,0,0,0,0,0,0
13,disk,4,0.6666666666666666,14400.333333333334,49.0,0,0,0,0,0,0,0,4,0,2,0,0,2,0
14,nlm,0,0,0,0,0,0,0,0,0,0,0,0,0,0,0,0,0,0
15,dcs,0,0,0,0,0,0,0,0,0,0,0,0,0,0,0,0,0,0
16,dcerpc,0,0,0,0,0,0,0,0,0,0,0,0,0,0,0,0,0,0
17,vldb,0,0,0,0,0,0,0,0,0,0,0,0,0,0,0,0,0,0
18,SV,0,0,0,0,0,0,0,0,0,0,0,0,0,0,0,0,0,0
19,ses,0,0,0,0,0,0,0,0,0,0,0,0,0,0,0,0,0,0
20,Volume,0,0,0,0,0,0,0,0,0,0,0,0,0,0,0,0,0,0
21,rshd,0,0,0,0,0,0,0,0,0,0,0,0,0,0,0,0,0,0
22,cloud,0,0,0,0,0,0,0,0,0,0,0,0,0,0,0,0,0,0
23,moveagent,0,0,0,0,0,0,0,0,0,0,0,0,0,0,0,0,0,0
24,nsp,0,0,0,0,0,0,0,0,0,0,0,0,0,0,0,0,0,0
25,TapeSAN,0,0,0,0,0,0,0,0,0,0,0,0,0,0,0,0,0,0
26,lib,0,0,0,0,0,0,0,0,0,0,0,0,0,0,0,0,0,0
27,am,0,0,0,0,0,0,0,0,0,0,0,0,0,0,0,0,0,0
28,rpcsec,0,0,0,0,0,0,0,0,0,0,0,0,0,0,0,0,0,0
29,no,0,0,0,0,0,0,0,0,0,0,0,0,0,0,0,0,0,0
30,gfagent,0,0,0,0,0,0,0,0,0,0,0,0,0,0,0,0,0,0
31,fat,0,0,0,0,0,0,0,0,0,0,0,0,0,0,0,0,0,0
32,coredump,0,0,0,0,0,0,0,0,0,0,0,0,0,0,0,0,0,0
33,dsbridge,0,0,0,0,0,0,0,0,0,0,0,0,0,0,0,0,0,0
34,nonha,0,0,0,0,0,0,0,0,0,0,0,0,0,0,0,0,0,0
35,init,0,0,0,0,0,0,0,0,0,0,0,0,0,0,0,0,0,0
36,nameserv,0,0,0,0,0,0,0,0,0,0,0,0,0,0,0,0,0,0
37,fal,0,0,0,0,0,0,0,0,0,0,0,0,0,0,0,0,0,0
38,fcvi,0,0,0,0,0,0,0,0,0,0,0,0,0,0,0,0,0,0
39,vs,0,0,0,0,0,0,0,0,0,0,0,0,0,0,0,0,0,0
40,cap,0,0,0,0,0,0,0,0,0,0,0,0,0,0,0,0,0,0
41,PCI,0,0,0,0,0,0,0,0,0,0,0,0,0,0,0,0,0,0
42,vsa,0,0,0,0,0,0,0,0,0,0,0,0,0,0,0,0,0,0
43,udpUsrReq,0,0,0,0,0,0,0,0,0,0,0,0,0,0,0,0,0,0
44,export,0,0,0,0,0,0,0,0,0,0,0,0,0,0,0,0,0,0
45,bge,0,0,0,0,0,0,0,0,0,0,0,0,0,0,0,0,0,0
46,sshd,0,0,0,0,0,0,0,0,0,0,0,0,0,0,0,0,0,0
47,cluster,0,0,0,0,0,0,0,0,0,0,0,0,0,0,0,0,0,0
48,routed,0,0,0,0,0,0,0,0,0,0,0,0,0,0,0,0,0,0
49,ha,0,0,0,0,0,0,0,0,0,0,0,0,0,0,0,0,0,0
50,noderun,0,0,0,0,0,0,0,0,0,0,0,0,0,0,0,0,0,0
51,mgmt,0,0,0,0,0,0,0,0,0,0,0,0,0,0,0,0,0,0
52,splog,0,0,0,0,0,0,0,0,0,0,0,0,0,0,0,0,0,0
53,openssh,0,0,0,0,0,0,0,0,0,0,0,0,0,0,0,0,0,0
54,nfsd,0,0,0,0,0,0,0,0,0,0,0,0,0,0,0,0,0,0
55,dsa,0,0,0,0,0,0,0,0,0,0,0,0,0,0,0,0,0,0
56,spm,0,0,0,0,0,0,0,0,0,0,0,0,0,0,0,0,0,0
57,wxlg,0,0,0,0,0,0,0,0,0,0,0,0,0,0,0,0,0,0
58,dfu,0,0,0,0,0,0,0,0,0,0,0,0,0,0,0,0,0,0
59,vifmgr,0,0,0,0,0,0,0,0,0,0,0,0,0,0,0,0,0,0
60,scsitgt,0,0,0,0,0,0,0,0,0,0,0,0,0,0,0,0,0,0
61,useradmin,0,0,0,0,0,0,0,0,0,0,0,0,0,0,0,0,0,0
62,kern,24,5.333333333333333,3600.0,11.652173913043478,0,0,0,0,0,0,24,0,4,4,4,4,4,4
63,clus,0,0,0,0,0,0,0,0,0,0,0,0,0,0,0,0,0,0
64,vfilermigrate,0,0,0,0,0,0,0,0,0,0,0,0,0,0,0,0,0,0
65,bridge,0,0,0,0,0,0,0,0,0,0,0,0,0,0,0,0,0,0
66,fmmb,0,0,0,0,0,0,0,0,0,0,0,0,0,0,0,0,0,0
67,misconfig,0,0,0,0,0,0,0,0,0,0,0,0,0,0,0,0,0,0
68,iomem,0,0,0,0,0,0,0,0,0,0,0,0,0,0,0,0,0,0
69,sk,0,0,0,0,0,0,0,0,0,0,0,0,0,0,0,0,0,0
70,httpd,0,0,0,0,0,0,0,0,0,0,0,0,0,0,0,0,0,0
71,mgr,0,0,0,0,0,0,0,0,0,0,0,0,0,0,0,0,0,0
72,mcbp,0,0,0,0,0,0,0,0,0,0,0,0,0,0,0,0,0,0
73,net,0,0,0,0,0,0,0,0,0,0,0,0,0,0,0,0,0,0
74,ipfw,0,0,0,0,0,0,0,0,0,0,0,0,0,0,0,0,0,0
75,space,0,0,0,0,0,0,0,0,0,0,0,0,0,0,0,0,0,0
76,mgmtgwd,0,0,0,0,0,0,0,0,0,0,0,0,0,0,0,0,0,0
77,igroup,0,0,0,0,0,0,0,0,0,0,0,0,0,0,0,0,0,0
78,cecc,0,0,0,0,0,0,0,0,0,0,0,0,0,0,0,0,0,0
79,mdb,0,0,0,0,0,0,0,0,0,0,0,0,0,0,0,0,0,0
80,princ,0,0,0,0,0,0,0,0,0,0,0,0,0,0,0,0,0,0
81,trusthost,0,0,0,0,0,0,0,0,0,0,0,0,0,0,0,0,0,0
82,zapi,0,0,0,0,0,0,0,0,0,0,0,0,0,0,0,0,0,0
83,snaplock,0,0,0,0,0,0,0,0,0,0,0,0,0,0,0,0,0,0
84,shelf,0,0,0,0,0,0,0,0,0,0,0,0,0,0,0,0,0,0
85,isns,0,0,0,0,0,0,0,0,0,0,0,0,0,0,0,0,0,0
86,snaptags,0,0,0,0,0,0,0,0,0,0,0,0,0,0,0,0,0,0
87,mgwd,0,0,0,0,0,0,0,0,0,0,0,0,0,0,0,0,0,0
88,fcmon,0,0,0,0,0,0,0,0,0,0,0,0,0,0,0,0,0,0
89,Repository,0,0,0,0,0,0,0,0,0,0,0,0,0,0,0,0,0,0
90,copy,0,0,0,0,0,0,0,0,0,0,0,0,0,0,0,0,0,0
91,iscsi,0,0,0,0,0,0,0,0,0,0,0,0,0,0,0,0,0,0
92,ipfilter,0,0,0,0,0,0,0,0,0,0,0,0,0,0,0,0,0,0
93,ftpd,0,0,0,0,0,0,0,0,0,0,0,0,0,0,0,0,0,0
94,kerberos,0,0,0,0,0,0,0,0,0,0,0,0,0,0,0,0,0,0
95,sysconfig,0,0,0,0,0,0,0,0,0,0,0,0,0,0,0,0,0,0
96,ssh,0,0,0,0,0,0,0,0,0,0,0,0,0,0,0,0,0,0
97,sftp,0,0,0,0,0,0,0,0,0,0,0,0,0,0,0,0,0,0
98,snapdiff,0,0,0,0,0,0,0,0,0,0,0,0,0,0,0,0,0,0
99,nvram,0,0,0,0,0,0,0,0,0,0,0,0,0,0,0,0,0,0
100,ems,54,12.333333333333334,1579.2264150943397,4.528301886792453,0,0,0,0,0,0,0,54,10,7,8,13,11,5
101,tmig,0,0,0,0,0,0,0,0,0,0,0,0,0,0,0,0,0,0
102,charmap,0,0,0,0,0,0,0,0,0,0,0,0,0,0,0,0,0,0
103,pmap,0,0,0,0,0,0,0,0,0,0,0,0,0,0,0,0,0,0
104,smn,0,0,0,0,0,0,0,0,0,0,0,0,0,0,0,0,0,0
105,LUN,0,0,0,0,0,0,0,0,0,0,0,0,0,0,0,0,0,0
106,vol,0,0,0,0,0,0,0,0,0,0,0,0,0,0,0,0,0,0
107,nsm,0,0,0,0,0,0,0,0,0,0,0,0,0,0,0,0,0,0
108,scsitarget,11,2.6666666666666665,7743.6,26.4,0,0,0,11,0,0,0,0,4,2,1,2,1,1
109,netinet6,0,0,0,0,0,0,0,0,0,0,0,0,0,0,0,0,0,0
110,tape,0,0,0,0,0,0,0,0,0,0,0,0,0,0,0,0,0,0
111,smf,0,0,0,0,0,0,0,0,0,0,0,0,0,0,0,0,0,0
112,spmgmt,0,0,0,0,0,0,0,0,0,0,0,0,0,0,0,0,0,0
113,usbmon,0,0,0,0,0,0,0,0,0,0,0,0,0,0,0,0,0,0
114,fpolicy,0,0,0,0,0,0,0,0,0,0,0,0,0,0,0,0,0,0
115,cpeer,0,0,0,0,0,0,0,0,0,0,0,0,0,0,0,0,0,0
116,fcp,0,0,0,0,0,0,0,0,0,0,0,0,0,0,0,0,0,0
117,smbrpc,0,0,0,0,0,0,0,0,0,0,0,0,0,0,0,0,0,0
118,nbt,6,1.3333333333333333,8051.4,27.0,0,0,0,0,0,0,0,6,0,0,1,3,0,2
119,netif,0,0,0,0,0,0,0,0,0,0,0,0,0,0,0,0,0,0
120,adt,0,0,0,0,0,0,0,0,0,0,0,0,0,0,0,0,0,0
121,cmds,48,10.666666666666666,1761.7659574468084,5.127659574468085,0,0,0,0,0,0,0,48,8,8,8,8,8,8
122,sectrace,0,0,0,0,0,0,0,0,0,0,0,0,0,0,0,0,0,0
123,sasmon,0,0,0,0,0,0,0,0,0,0,0,0,0,0,0,0,0,0
124,login,0,0,0,0,0,0,0,0,0,0,0,0,0,0,0,0,0,0
125,lifp,0,0,0,0,0,0,0,0,0,0,0,0,0,0,0,0,0,0
126,toe,0,0,0,0,0,0,0,0,0,0,0,0,0,0,0,0,0,0
127,diskShelf,0,0,0,0,0,0,0,0,0,0,0,0,0,0,0,0,0,0
128,rsh,0,0,0,0,0,0,0,0,0,0,0,0,0,0,0,0,0,0
129,secureadmin,0,0,0,0,0,0,0,0,0,0,0,0,0,0,0,0,0,0
130,flexcache,0,0,0,0,0,0,0,0,0,0,0,0,0,0,0,0,0,0
131,ic,0,0,0,0,0,0,0,0,0,0,0,0,0,0,0,0,0,0
132,tapemc,0,0,0,0,0,0,0,0,0,0,0,0,0,0,0,0,0,0
133,quota,0,0,0,0,0,0,0,0,0,0,0,0,0,0,0,0,0,0
134,repl,0,0,0,0,0,0,0,0,0,0,0,0,0,0,0,0,0,0
135,vdisk,0,0,0,0,0,0,0,0,0,0,0,0,0,0,0,0,0,0
136,volaggr,0,0,0,0,0,0,0,0,0,0,0,0,0,0,0,0,0,0
137,volcreate,0,0,0,0,0,0,0,0,0,0,0,0,0,0,0,0,0,0
138,pcnfsd,0,0,0,0,0,0,0,0,0,0,0,0,0,0,0,0,0,0
139,rpl,0,0,0,0,0,0,0,0,0,0,0,0,0,0,0,0,0,0
140,iclink,0,0,0,0,0,0,0,0,0,0,0,0,0,0,0,0,0,0
141,lun,0,0,0,0,0,0,0,0,0,0,0,0,0,0,0,0,0,0
142,CR,0,0,0,0,0,0,0,0,0,0,0,0,0,0,0,0,0,0
143,nv,0,0,0,0,0,0,0,0,0,0,0,0,0,0,0,0,0,0
144,vscan,0,0,0,0,0,0,0,0,0,0,0,0,0,0,0,0,0,0
145,acp,0,0,0,0,0,0,0,0,0,0,0,0,0,0,0,0,0,0
146,libnet,0,0,0,0,0,0,0,0,0,0,0,0,0,0,0,0,0,0
147,zsm,0,0,0,0,0,0,0,0,0,0,0,0,0,0,0,0,0,0
148,license,0,0,0,0,0,0,0,0,0,0,0,0,0,0,0,0,0,0
149,monitor,3,1.0,12300.0,42.0,0,0,0,0,0,0,0,3,2,1,0,0,0,0
150,acquire,0,0,0,0,0,0,0,0,0,0,0,0,0,0,0,0,0,0
151,passwd,0,0,0,0,0,0,0,0,0,0,0,0,0,0,0,0,0,0
152,platform,0,0,0,0,0,0,0,0,0,0,0,0,0,0,0,0,0,0
153,nbu,0,0,0,0,0,0,0,0,0,0,0,0,0,0,0,0,0,0
154,rdb,0,0,0,0,0,0,0,0,0,0,0,0,0,0,0,0,0,0
155,vip,0,0,0,0,0,0,0,0,0,0,0,0,0,0,0,0,0,0
156,device,0,0,0,0,0,0,0,0,0,0,0,0,0,0,0,0,0,0
157,smtape,0,0,0,0,0,0,0,0,0,0,0,0,0,0,0,0,0,0
158,od,0,0,0,0,0,0,0,0,0,0,0,0,0,0,0,0,0,0
159,shm,0,0,0,0,0,0,0,0,0,0,0,0,0,0,0,0,0,0
160,nodewatchdog,0,0,0,0,0,0,0,0,0,0,0,0,0,0,0,0,0,0
161,raidlm,0,0,0,0,0,0,0,0,0,0,0,0,0,0,0,0,0,0
162,mbuf,0,0,0,0,0,0,0,0,0,0,0,0,0,0,0,0,0,0
163,ecv,0,0,0,0,0,0,0,0,0,0,0,0,0,0,0,0,0,0
164,ds,0,0,0,0,0,0,0,0,0,0,0,0,0,0,0,0,0,0
165,arraymon,0,0,0,0,0,0,0,0,0,0,0,0,0,0,0,0,0,0
166,xinetd,0,0,0,0,0,0,0,0,0,0,0,0,0,0,0,0,0,0
167,usb,0,0,0,0,0,0,0,0,0,0,0,0,0,0,0,0,0,0
168,nvmm,0,0,0,0,0,0,0,0,0,0,0,0,0,0,0,0,0,0
169,sm,0,0,0,0,0,0,0,0,0,0,0,0,0,0,0,0,0,0
170,hybAggrCopy,0,0,0,0,0,0,0,0,0,0,0,0,0,0,0,0,0,0
171,tcpip,0,0,0,0,0,0,0,0,0,0,0,0,0,0,0,0,0,0
172,t3,0,0,0,0,0,0,0,0,0,0,0,0,0,0,0,0,0,0
173,bcomd,0,0,0,0,0,0,0,0,0,0,0,0,0,0,0,0,0,0
174,EthrOutput,0,0,0,0,0,0,0,0,0,0,0,0,0,0,0,0,0,0
175,spwatchdog,0,0,0,0,0,0,0,0,0,0,0,0,0,0,0,0,0,0
176,dm,0,0,0,0,0,0,0,0,0,0,0,0,0,0,0,0,0,0
177,ipmultipath,0,0,0,0,0,0,0,0,0,0,0,0,0,0,0,0,0,0
178,cna,0,0,0,0,0,0,0,0,0,0,0,0,0,0,0,0,0,0
179,krb5,0,0,0,0,0,0,0,0,0,0,0,0,0,0,0,0,0,0
180,fli,0,0,0,0,0,0,0,0,0,0,0,0,0,0,0,0,0,0
181,san,0,0,0,0,0,0,0,0,0,0,0,0,0,0,0,0,0,0
182,stripedvol,0,0,0,0,0,0,0,0,0,0,0,0,0,0,0,0,0,0
183,fci,0,0,0,0,0,0,0,0,0,0,0,0,0,0,0,0,0,0
184,pac,0,0,0,0,0,0,0,0,0,0,0,0,0,0,0,0,0,0
185,ucm,0,0,0,0,0,0,0,0,0,0,0,0,0,0,0,0,0,0
186,dns,0,0,0,0,0,0,0,0,0,0,0,0,0,0,0,0,0,0
187,vlan,0,0,0,0,0,0,0,0,0,0,0,0,0,0,0,0,0,0
188,aws,0,0,0,0,0,0,0,0,0,0,0,0,0,0,0,0,0,0
189,diskown,0,0,0,0,0,0,0,0,0,0,0,0,0,0,0,0,0,0
190,tftpd,0,0,0,0,0,0,0,0,0,0,0,0,0,0,0,0,0,0
191,token,0,0,0,0,0,0,0,0,0,0,0,0,0,0,0,0,0,0
192,ksmf,0,0,0,0,0,0,0,0,0,0,0,0,0,0,0,0,0,0
193,nfs,0,0,0,0,0,0,0,0,0,0,0,0,0,0,0,0,0,0
194,nvpm,0,0,0,0,0,0,0,0,0,0,0,0,0,0,0,0,0,0
195,mhost,0,0,0,0,0,0,0,0,0,0,0,0,0,0,0,0,0,0
196,update,0,0,0,0,0,0,0,0,0,0,0,0,0,0,0,0,0,0
197,revertTo,0,0,0,0,0,0,0,0,0,0,0,0,0,0,0,0,0,0
198,cmd,0,0,0,0,0,0,0,0,0,0,0,0,0,0,0,0,0,0
199,perfstatd,0,0,0,0,0,0,0,0,0,0,0,0,0,0,0,0,0,0
200,haosc,0,0,0,0,0,0,0,0,0,0,0,0,0,0,0,0,0,0
201,virtual,0,0,0,0,0,0,0,0,0,0,0,0,0,0,0,0,0,0
202,esh,0,0,0,0,0,0,0,0,0,0,0,0,0,0,0,0,0,0
203,nvram4,0,0,0,0,0,0,0,0,0,0,0,0,0,0,0,0,0,0
204,lmgr,0,0,0,0,0,0,0,0,0,0,0,0,0,0,0,0,0,0
205,api,0,0,0,0,0,0,0,0,0,0,0,0,0,0,0,0,0,0
206,ndmp,0,0,0,0,0,0,0,0,0,0,0,0,0,0,0,0,0,0
207,hamsg,0,0,0,0,0,0,0,0,0,0,0,0,0,0,0,0,0,0
208,hm,0,0,0,0,0,0,0,0,0,0,0,0,0,0,0,0,0,0
209,ctrl,0,0,0,0,0,0,0,0,0,0,0,0,0,0,0,0,0,0
210,fiji,0,0,0,0,0,0,0,0,0,0,0,0,0,0,0,0,0,0
211,stackmon,0,0,0,0,0,0,0,0,0,0,0,0,0,0,0,0,0,0
212,mlm,0,0,0,0,0,0,0,0,0,0,0,0,0,0,0,0,0,0
213,raid,48,10.666666666666666,1762.3617021276596,5.148936170212766,0,0,0,0,0,0,0,48,8,8,8,8,8,8
214,auth,0,0,0,0,0,0,0,0,0,0,0,0,0,0,0,0,0,0
215,fm,0,0,0,0,0,0,0,0,0,0,0,0,0,0,0,0,0,0
216,app,7,2.3333333333333335,1.1666666666666667,0.0,0,0,0,0,0,0,7,0,0,7,0,0,0,0
217,ldap,0,0,0,0,0,0,0,0,0,0,0,0,0,0,0,0,0,0
218,wafl,32,7.666666666666667,1945.7741935483868,6.580645161290323,0,0,0,0,0,0,31,1,12,10,1,1,8,0
219,query,0,0,0,0,0,0,0,0,0,0,0,0,0,0,0,0,0,0
220,Nblade,0,0,0,0,0,0,0,0,0,0,0,0,0,0,0,0,0,0
221,remoteVolume,0,0,0,0,0,0,0,0,0,0,0,0,0,0,0,0,0,0
222,sparse,0,0,0,0,0,0,0,0,0,0,0,0,0,0,0,0,0,0
223,extCache,0,0,0,0,0,0,0,0,0,0,0,0,0,0,0,0,0,0
224,fabric,0,0,0,0,0,0,0,0,0,0,0,0,0,0,0,0,0,0
225,hashd,0,0,0,0,0,0,0,0,0,0,0,0,0,0,0,0,0,0
226,nsdb,0,0,0,0,0,0,0,0,0,0,0,0,0,0,0,0,0,0
227,backup,0,0,0,0,0,0,0,0,0,0,0,0,0,0,0,0,0,0
228,socket,0,0,0,0,0,0,0,0,0,0,0,0,0,0,0,0,0,0
229,savecore,0,0,0,0,0,0,0,0,0,0,0,0,0,0,0,0,0,0
230,ipspace,0,0,0,0,0,0,0,0,0,0,0,0,0,0,0,0,0,0
231,ip,0,0,0,0,0,0,0,0,0,0,0,0,0,0,0,0,0,0
232,tcp,0,0,0,0,0,0,0,0,0,0,0,0,0,0,0,0,0,0
233,vsdr,0,0,0,0,0,0,0,0,0,0,0,0,0,0,0,0,0,0
234,vserver,0,0,0,0,0,0,0,0,0,0,0,0,0,0,0,0,0,0
235,gssapi,0,0,0,0,0,0,0,0,0,0,0,0,0,0,0,0,0,0
236,diskqual,0,0,0,0,0,0,0,0,0,0,0,0,0,0,0,0,0,0
237,gpo,0,0,0,0,0,0,0,0,0,0,0,0,0,0,0,0,0,0
238,vfiler,0,0,0,0,0,0,0,0,0,0,0,0,0,0,0,0,0,0
239,cdpd,0,0,0,0,0,0,0,0,0,0,0,0,0,0,0,0,0,0
240,netgroup,0,0,0,0,0,0,0,0,0,0,0,0,0,0,0,0,0,0
241,scsi,0,0,0,0,0,0,0,0,0,0,0,0,0,0,0,0,0,0
242,mountd,0,0,0,0,0,0,0,0,0,0,0,0,0,0,0,0,0,0
243,snmp,0,0,0,0,0,0,0,0,0,0,0,0,0,0,0,0,0,0
244,dhcp,0,0,0,0,0,0,0,0,0,0,0,0,0,0,0,0,0,0
245,aggrcopy,0,0,0,0,0,0,0,0,0,0,0,0,0,0,0,0,0,0
246,rpc,0,0,0,0,0,0,0,0,0,0,0,0,0,0,0,0,0,0
247,rdma,0,0,0,0,0,0,0,0,0,0,0,0,0,0,0,0,0,0
248,malloc,0,0,0,0,0,0,0,0,0,0,0,0,0,0,0,0,0,0
249,dest,0,0,0,0,0,0,0,0,0,0,0,0,0,0,0,0,0,0
250,vf,0,0,0,0,0,0,0,0,0,0,0,0,0,0,0,0,0,0
251,opt,0,0,0,0,0,0,0,0,0,0,0,0,0,0,0,0,0,0
252,replication,0,0,0,0,0,0,0,0,0,0,0,0,0,0,0,0,0,0
253,old,0,0,0,0,0,0,0,0,0,0,0,0,0,0,0,0,0,0
254,qmm,0,0,0,0,0,0,0,0,0,0,0,0,0,0,0,0,0,0
255,cifs,48,11.0,1780.8297872340424,5.2340425531914905,0,0,0,0,1,0,0,47,7,6,9,11,10,5
256,volume,0,0,0,0,0,0,0,0,0,0,0,0,0,0,0,0,0,0
257,diff,0,0,0,0,0,0,0,0,0,0,0,0,0,0,0,0,0,0
258,mlx4,0,0,0,0,0,0,0,0,0,0,0,0,0,0,0,0,0,0
259,arl,0,0,0,0,0,0,0,0,0,0,0,0,0,0,0,0,0,0
260,nrv,0,0,0,0,0,0,0,0,0,0,0,0,0,0,0,0,0,0
261,user,0,0,0,0,0,0,0,0,0,0,0,0,0,0,0,0,0,0
262,aggr,0,0,0,0,0,0,0,0,0,0,0,0,0,0,0,0,0,0
263,cf,0,0,0,0,0,0,0,0,0,0,0,0,0,0,0,0,0,0
264,storencr,0,0,0,0,0,0,0,0,0,0,0,0,0,0,0,0,0,0
265,psdev,0,0,0,0,0,0,0,0,0,0,0,0,0,0,0,0,0,0
266,fmm,0,0,0,0,0,0,0,0,0,0,0,0,0,0,0,0,0,0
267,pip,0,0,0,0,0,0,0,0,0,0,0,0,0,0,0,0,0,0
268,mcc,0,0,0,0,0,0,0,0,0,0,0,0,0,0,0,0,0,0
269,callhome,2,0.6666666666666666,1145.0,3.0,0,0,0,0,0,0,2,0,2,0,0,0,0,0
270,csm,0,0,0,0,0,0,0,0,0,0,0,0,0,0,0,0,0,0
271,ucore,0,0,0,0,0,0,0,0,0,0,0,0,0,0,0,0,0,0
272,firmware,0,0,0,0,0,0,0,0,0,0,0,0,0,0,0,0,0,0
273,netinet,0,0,0,0,0,0,0,0,0,0,0,0,0,0,0,0,0,0
274,perf,0,0,0,0,0,0,0,0,0,0,0,0,0,0,0,0,0,0
275,upgrademgr,0,0,0,0,0,0,0,0,0,0,0,0,0,0,0,0,0,0
276,mes,0,0,0,0,0,0,0,0,0,0,0,0,0,0,0,0,0,0
277,asup,0,0,0,0,0,0,0,0,0,0,0,0,0,0,0,0,0,0
278,download,0,0,0,0,0,0,0,0,0,0,0,0,0,0,0,0,0,0
279,reg,0,0,0,0,0,0,0,0,0,0,0,0,0,0,0,0,0,0
280,bootfs,0,0,0,0,0,0,0,0,0,0,0,0,0,0,0,0,0,0
281,logger,0,0,0,0,0,0,0,0,0,0,0,0,0,0,0,0,0,0
282,volops,0,0,0,0,0,0,0,0,0,0,0,0,0,0,0,0,0,0
283,sas,0,0,0,0,0,0,0,0,0,0,0,0,0,0,0,0,0,0
284,rastrace,0,0,0,0,0,0,0,0,0,0,0,0,0,0,0,0,0,0
285,volcopy,0,0,0,0,0,0,0,0,0,0,0,0,0,0,0,0,0,0
286,unowned,0,0,0,0,0,0,0,0,0,0,0,0,0,0,0,0,0,0
287,krb,0,0,0,0,0,0,0,0,0,0,0,0,0,0,0,0,0,0
288,ctran,0,0,0,0,0,0,0,0,0,0,0,0,0,0,0,0,0,0
289,tar,0,0,0,0,0,0,0,0,0,0,0,0,0,0,0,0,0,0
290,get,0,0,0,0,0,0,0,0,0,0,0,0,0,0,0,0,0,0
291,storage,0,0,0,0,0,0,0,0,0,0,0,0,0,0,0,0,0,0
292,iicgen,0,0,0,0,0,0,0,0,0,0,0,0,0,0,0,0,0,0
293,sanown,0,0,0,0,0,0,0,0,0,0,0,0,0,0,0,0,0,0
294,boot,0,0,0,0,0,0,0,0,0,0,0,0,0,0,0,0,0,0
295,adminapi,0,0,0,0,0,0,0,0,0,0,0,0,0,0,0,0,0,0
296,vFiler,0,0,0,0,0,0,0,0,0,0,0,0,0,0,0,0,0,0
297,snapvault,0,0,0,0,0,0,0,0,0,0,0,0,0,0,0,0,0,0
298,ups,0,0,0,0,0,0,0,0,0,0,0,0,0,0,0,0,0,0
299,agentwatchdog,0,0,0,0,0,0,0,0,0,0,0,0,0,0,0,0,0,0
300,config,0,0,0,0,0,0,0,0,0,0,0,0,0,0,0,0,0,0
301,telnet,0,0,0,0,0,0,0,0,0,0,0,0,0,0,0,0,0,0
302,recover,0,0,0,0,0,0,0,0,0,0,0,0,0,0,0,0,0,0
303,connectx,0,0,0,0,0,0,0,0,0,0,0,0,0,0,0,0,0,0
304,web,0,0,0,0,0,0,0,0,0,0,0,0,0,0,0,0,0,0
305,iSNS,0,0,0,0,0,0,0,0,0,0,0,0,0,0,0,0,0,0
306,qos,0,0,0,0,0,0,0,0,0,0,0,0,0,0,0,0,0,0
307,clam,0,0,0,0,0,0,0,0,0,0,0,0,0,0,0,0,0,0
308,fcadmin,0,0,0,0,0,0,0,0,0,0,0,0,0,0,0,0,0,0
309,volcmd,0,0,0,0,0,0,0,0,0,0,0,0,0,0,0,0,0,0
310,hya,0,0,0,0,0,0,0,0,0,0,0,0,0,0,0,0,0,0
311,bmc,0,0,0,0,0,0,0,0,0,0,0,0,0,0,0,0,0,0
312,rv,0,0,0,0,0,0,0,0,0,0,0,0,0,0,0,0,0,0
313,sis,0,0,0,0,0,0,0,0,0,0,0,0,0,0,0,0,0,0
314,secd,0,0,0,0,0,0,0,0,0,0,0,0,0,0,0,0,0,0
315,showmount,0,0,0,0,0,0,0,0,0,0,0,0,0,0,0,0,0,0
316,rdmalib,0,0,0,0,0,0,0,0,0,0,0,0,0,0,0,0,0,0
317,bdfu,0,0,0,0,0,0,0,0,0,0,0,0,0,0,0,0,0,0
318,treecompare,0,0,0,0,0,0,0,0,0,0,0,0,0,0,0,0,0,0
319,sp,0,0,0,0,0,0,0,0,0,0,0,0,0,0,0,0,0,0
320,smc,0,0,0,0,0,0,0,0,0,0,0,0,0,0,0,0,0,0
321,sla,0,0,0,0,0,0,0,0,0,0,0,0,0,0,0,0,0,0
322,viif,0,0,0,0,0,0,0,0,0,0,0,0,0,0,0,0,0,0
323,av,0,0,0,0,0,0,0,0,0,0,0,0,0,0,0,0,0,0
324,wackiron,0,0,0,0,0,0,0,0,0,0,0,0,0,0,0,0,0,0
325,sfo,0,0,0,0,0,0,0,0,0,0,0,0,0,0,0,0,0,0
326,nvmem,0,0,0,0,0,0,0,0,0,0,0,0,0,0,0,0,0,0
327,waflIron,0,0,0,0,0,0,0,0,0,0,0,0,0,0,0,0,0,0
328,pvif,0,0,0,0,0,0,0,0,0,0,0,0,0,0,0,0,0,0
329,rapid,0,0,0,0,0,0,0,0,0,0,0,0,0,0,0,0,0,0
330,SM,0,0,0,0,0,0,0,0,0,0,0,0,0,0,0,0,0,0
